{
    "Student": [
      {
        "id": 1,
        "name": "Abc",
        "Age": 15
      },
      {
        "id": 2,
        "name": "Jaydip",
        "Age": 16
      },
      {
        "id": 3,
        "name": "Mohit",
        "Age": 17
      },
      {
        "id": 4,
        "name": "Gaurang",
        "Age": 18
      },
      {
        "id": 5,
        "name": "Siddharth",
        "Age": 19
      },
      {
        "id": 6,
        "name": "Vikas",
        "Age": 20
      },
      {
        "id": 156,
        "name": "Het",
        "Age": 21,
        "age": 22
      },
      {
        "id": 7,
        "name": "Meet",
        "Age": 24
      },
      {
        "id": 10,
        "name": "Raj",
        "age": 22
      }
    ]
  }